station_id,station_name,total_bikes,mean_fsq_POI_popularity,mean_fsq_POI_price,mean_fsq_POI_rating,count_fsq_POIs
03712bfd188583696010813718ea01e1,P155 Colter St / Central Ave,12,0.9542427605690645,1.6363636363636365,8.05,26
07a67f4f4e097e3e5b85fd2bf6ab0809,P175 9th St. / Van Buren St,13,0.9581415127176247,1.75,8.175,4
07aa8e1d89b85fdf5e0fba51043ba0ed,P101 5th St / Grant St,10,0.7161383253759247,1.3333333333333333,6.7,11
0cab138d1a9b55f141311a4a90e96d28,P168 5th St. and Washington,15,0.9132782478195915,1.8928571428571428,7.488235294117647,37
0d985cfd2b567116f790a1a7e31d5ad7,T09 Washington St / Center Pkwy,9,0.9949717159019484,,7.3,2
0e1960d94d8ab3ead0f26ddbd1cbf938,1st Ave - Civic Space Park,2,0.9165151925332921,1.88,7.7631578947368425,30
1020cad752ba93192b47f054e2261671,P109 Adams St / 1st Ave,12,0.9315036218796997,1.6857142857142857,7.683333333333334,48
12e404d96fb464df02d1451942333ceb,Downtown ASU (Virtual Hub),2,0.9281283217764051,1.90625,7.9479999999999995,36
16fabfba486f05d9b36de84a454e7e5d,T20 Tempe Center for the Arts,10,0.98120107422433,1.5,8.3,3
196e50ef987ec19650802a8fd2a1ee27,P138 Encanto Park,10,,,,1
1b27c9694a312df3459564538ba022b7,P146 4th Ave / Clarendon Ave,12,0.8778608909233002,1.4285714285714286,7.26,9
1f367da0d6b1e920468d9d33531c2534,P209 18th St. & Villa,10,0.6404017451571451,1.3333333333333333,7.75,4
213a97958a0e81bf960e47d235cb85d4,P179 15th Ave. and Washington,10,0.9468046680545612,1.0,7.0,1
3013f5963fdd2fd03d2149fbf53a11b2,P145 5th St / Osborn Rd,10,0.970594145886556,2.0,8.18,7
303edde4805798a232c90f04f2970989,T30 Evelyn Hallman Park,8,,,,1
347197070f54fd11743f9b92b7b07375,T11 University Dr / Mill Ave,5,0.934144287964886,1.5714285714285714,7.563157894736841,50
3773b8b5382c51078c46ff144a9abad4,T24 Westside Center,10,0.9575432424269633,1.1818181818181819,7.918181818181819,15
386eecf02fcf9109910cbf6893b907aa,T07 Smith-Martin / Apache Blvd ,10,0.7399672399672399,1.3333333333333333,7.9,4
3d7598154dedc37f53cfe9b7475ea60e,T27 McAllister Ave / Apache Blvd,18,0.9537613723660235,1.2352941176470589,6.807142857142857,20
42dd1d8ec5aa0b6318ef5598c9009acf,P144 Central Ave / Lexington Ave,14,0.8038976568289823,1.7272727272727273,7.742857142857143,17
488f03151b058ce77d567cbf89c0d298,P128 McKinley St / 2nd St.,15,0.9441163932967911,1.725,8.075000000000001,49
4b29d05d8d4aa76aa61153daa0621052,P108 12th Ave. and Washington,16,0.9468046680545612,1.0,7.0,1
4dbd1efcfc3dca0c0f204790a6d6bf51,P173 Camelback Rd / 7th Ave,14,0.9380691155379371,1.5833333333333333,6.9799999999999995,24
50fc36f93c6ebc54adc6b7243819bc21,T18 Neil Giuliano Park,15,0.9442888977772698,1.6666666666666667,,5
55576e08d72fa12aa446286ba55d4732,ASU Coor Hall - S Forest Mall (Virtual Hub),6,0.9565608155724434,1.4545454545454546,7.43,28
564fcc8353795ef0fd187ecbee370a61,P177 Indianola Ave / 3rd Street,7,0.8258542447904695,1.8,5.9,9
567004b9d63f86f35710d79bdb30c02e,P131 Central Ave / Willetta St  (Sponsored by APS),18,0.9413048982757855,1.6875,7.745454545454546,19
56adf0ea7720d017fee3cb5e2394dbde,P136 12th St / Palm Ln (Coronado Park) ,20,0.9613808457401045,1.0,8.3,2
57bfc33b0cd1895b52091365b125362c,P129 5th St / Roosevelt St,15,0.9040825118704398,1.75,8.176190476190476,50
58371148b000c93a00a0439ac7cb04e2,T31 5th St / Mill Ave,14,0.933120704790895,1.631578947368421,7.53939393939394,47
58a27e288ce4e29eede3ac257386de6f,T04 Apache Blvd / Dorsey Ln,3,0.9626922417620093,1.4166666666666667,8.071428571428571,14
5b3dca990a6cacb05b1fa21b6200b4f9,T01 5th St / Forest Ave,20,0.9473609026852601,1.5625,7.378571428571428,40
61d587f09d4e385396ab06cbc7090f90,P122 Grand Ave / McKinley St,10,0.9511529668620082,1.4444444444444444,7.959999999999999,11
653f373dcbab60c88dfd3557facf5fef,P127 Central Ave / Roosevelt St,24,0.9180127274757173,1.9285714285714286,8.195833333333333,50
6628d10945695a8a19a0ede32f949bc4,T17 Tempe Beach Park,23,0.9370555448779551,1.736842105263158,7.553333333333333,26
66e198c430281056829799daf8fb8a0a,P106: 1st St / Washington St (Sponsored by SRP),14,0.9407387507451241,1.8461538461538463,7.625806451612903,50
6711b5a1d00765fc50416561e1c34f07,T15 8th St / Dorsey Ln,10,0.7927995951251765,1.3,7.757142857142858,15
7086e38658eea922919267eab0827059,P176 Buckeye Rd / 13th St,14,0.9745209683739523,1.0,6.633333333333333,4
7139afb8e84dae818c1edeff867e735d,P125 Pierce and 1st ,14,0.944789156033073,1.8333333333333333,8.033333333333333,43
73a535604a1fd81e210b797aa4b56c99,P102 1st St / Buchanan ,7,0.8480835451295623,1.8571428571428572,7.48888888888889,42
752f87eeda59a838aa157b0345d09cbb,P117 Grand Ave / 10th Ave,10,0.9492795391960686,1.2307692307692308,7.916666666666667,15
75e9903b720ddf5f3c9109d0bef681cf,T23 Escalante Center ,8,0.9890791954745444,1.0,7.066666666666666,5
760018a4709e9cbea1a7d1f35fd2e323,T32 North Tempe Multigen Center,10,0.9118336095080282,1.5,7.5,4
7b5badcde1dfda29cb32e7f6de77bd90,T05 McClintock Dr / Apache Blvd,8,0.9638973011066034,1.6666666666666667,7.3125,9
7b86c3cb9e951b53e8b8405c7abfae6c,ASU Orange St - S McAllister Mall (Virtual Hub),6,0.9505758401107239,1.2666666666666666,7.1909090909090905,21
7de6db79ad7d459e1705ecbdec3e55dd,P111 Central and Monroe,10,0.9369757853119055,1.7567567567567568,7.6375,46
80a8e77e11d0ff463c25a24317f99c62,P149 Central Ave / Campbell Ave,10,0.9598933466431118,1.8571428571428572,8.459999999999999,8
814c02006aa1d3d4ce9393369480a0b5,P113 11th St. / Washington St,10,0.9448738745246898,2.0,7.6,2
8764b6c7d3cf8ec6f3af4b1998848eed,T08 Apache Blvd / Price Rd,10,,,,1
89cd68040357367519e7f9fb22605aba,P104 Jackson St / 2nd St (Sponsored by SRP),10,0.9000918652863953,1.8064516129032258,7.579166666666667,48
8bb2684fefe4f9dee842b261ff012054,ASU Hayden Library - Cady Mall (Virtual Hub),6,0.9475760115294999,1.2941176470588236,7.130769230769231,22
8d29ea89964d1eb73171310f718fe7e5,P196 2nd St. and Roosevelt,9,0.9468794237745266,1.813953488372093,8.1875,50
8d471dd8f237c8df64f337a5b5d5cac7,T10 Washington St / Priest Dr,10,0.9592808982343867,1.5,5.75,6
901440f4daab43ac6319ecbac2cada7f,P139 Central Ave / Vernon Ave,9,0.9279159469973095,1.5454545454545454,7.671428571428572,14
943e82b182ac7e37bb201d37d81b5982,P172 4th Street / Jackson St ,10,0.852484434658088,1.95,7.588888888888889,31
944d8ce85d57b96acd0e62cc90eb34a5,T06 McClintock Dr / Rio Salado Pkwy,10,0.8532451206869812,1.4285714285714286,7.6000000000000005,8
964777a6d0d3f562402c2e034894f5b2,T26 ASU Memorial Union,23,0.9348037255013999,1.1666666666666667,7.040000000000001,9
9be3ff8f22f184a0781c655b409bfbe6,P123 5th Ave / Fillmore St,10,0.9302068488442602,1.411764705882353,7.6000000000000005,22
9bfb8943c0a8a2923493d93ce47d9f64,T16 Apache Blvd / Rural Rd,12,0.9585074730423567,1.2916666666666667,6.8125,32
9bfffb60c52fe8e90b3172d6c2c3fb9e,P137 12th St / Oak St,10,,,,1
9eb453aa5d4305d8913174345a2bb191,P118 Encanto Park (Enchanted Island),20,,,,1
9fa74a170def60f5ba3c94e8e750de8a,T25 University Dr. / ASU Student Housing,18,0.8608174770965469,1.5,7.15,22
a115d3ad3020bf7f6e22a372084871e8,T12 Rural Rd / Southern Ave,5,0.9751728472658706,1.0,7.35,2
a397e7e6ce14fe9e8ac9bcc1099323e0,P119 Grant St / 3rd St. ,10,0.8628516346436607,1.25,7.9,9
a702bd5692851de367b7b948ef6696d2,P114 Adams St / 2nd Ave (City Hall),11,0.8979267267920902,1.6486486486486487,7.628571428571428,50
a729c7bc4d432d61c6ea42c2a20e197a,T14 College Ave / University Dr,5,0.9517945913294751,1.5263157894736843,7.411111111111111,27
b0a839636f0f4d1a01154becbf864927,P180 Adams and 17th Ave.,15,0.954355778260841,1.2,7.15,6
b0f5f965c9915598a943722e2f7528fb,T03 Rural Rd / Terrace Rd,11,0.9043256641492408,1.44,7.4125,36
b4a727c596bab892789d6e3c955aad52,P154 Central Ave / Thomas Rd,10,0.8743757598765681,1.5517241379310345,7.375,33
b953cdb6c1721e12c870e32cb780998c,ASU Goldwater Ctr. for Science - Tyler Mall (Virtual Hub),6,0.832666704759728,1.3636363636363635,6.975,14
ba402392fffdaea52a19f2c4846572d4,P134 Central Ave / McDowell Rd (Phoenix Art Museum),8,0.9377076095593981,1.6363636363636365,7.5375,18
bccbc42037d855d46ef243ea5196771f,P116 6th St. / Monroe St (Sponsored by SRP),9,0.9520280092545199,1.9375,7.279999999999999,18
bcec7984130804fb8e3ceea8c4ed2061,P124 3rd St / Taylor St (Sponsored by APS),12,0.9563355591700166,1.9230769230769231,7.644444444444444,28
c0932901743359c499780029d8549433,P133 5th Ave / McDowell Rd,20,0.9403165614800123,1.4666666666666666,7.576923076923077,16
c1b890c63cf0a734dca62f21afc42b5d,P120 Central Ave / Taylor St,12,0.9209236878961448,1.8620689655172413,7.8304347826086955,35
c570a5983692409ebe2a875d8dce60d2,P107 17th Ave. and Jefferson St. ,12,0.9754447720809882,1.0,7.55,3
ca3c266b8f2edd0a617d2626768774eb,P141 Phoenix College,10,0.9591118349762592,1.5,8.3,5
cac663c57dee1dafd5f152bb906e97d5,P211 10th St / Pierce,6,0.8203258706631027,1.2,8.666666666666666,5
cb4373b3cc89e041a72730400204f509,P115 Adams and 2nd Street ,7,0.9447527608346733,1.8974358974358974,7.575757575757576,50
cbd70de9bd46949f297f5d332a93f951,P112 3rd St / Washington St (Convention Center),7,0.9598614710903953,1.868421052631579,7.593548387096774,48
ccfd57f453bbdacff8a335974083d103,P140 8th St / Sheridan St,10,0.9117321677724649,1.6363636363636365,8.15,12
ce9511579a675c959184e01c7bbee502,P161 5th Ave / Roosevelt St,12,0.9221697565930469,1.6923076923076923,8.033333333333333,15
d0c1a936f1125c6af6a566c4da5aeb82,ASU Business Administration Building (Virtual Hub),5,0.9488629221187361,1.2222222222222223,7.0,13
d334f65221f6a681f8b03433f36e2075,T19 Kiwanis Park,9,,,,1
d3831f612cd0217c8e0966041b38625b,P132 10th St / Roosevelt St,10,0.8666429617509613,1.1428571428571428,8.18,7
d442d37ff6ef724e22dad67d3ca21925,P159 Sherman St / 3rd Ave.,15,0.9459804687756536,1.2,7.7749999999999995,6
d7143785593ae4ee8ac8740dc7793b07,T21 Forest Ave/ Lemon St. (Gammage),20,0.9556719207881998,1.1428571428571428,7.266666666666667,10
deb09562cebdde49d1c7d00a324464d9,7th St. / Garfield St,2,0.8997463699111441,1.5,7.9,29
df002b527adfa25353ad90b1d55c947e,T22 Baseline Rd / Priest Dr,9,0.9344060523730442,1.2857142857142858,6.35,14
e13f4ac220b91769275c7b1891b3db05,P210 18th St. & Washington ,10,0.9568776310345507,1.0,6.75,5
e1ec743fb3c7d5e32445a9e8c477fbd5,T28 Rio Salado Pkwy / Mill Ave,10,0.9790226272784412,2.0,7.8999999999999995,5
e3dc78681e43549bbbcb2524946e007a,T02 3rd St / Mill Ave,9,0.9256273791157512,1.75,7.416129032258064,48
e551f00bfcdd21fd2357ca41a4dae611,P121 5th St / Van Buren St (Sponsored by APS),14,0.9432448130902839,1.8823529411764706,7.208333333333333,20
e8ea2c46e05597b2b23d1c3b0ced3e8d,T29 Tempe Town Lake Marina,9,0.9442888977772698,1.6666666666666667,,4
eafc61cf384a9311bc8f8f25f1b3efc6,T13 College Ave / Apache Blvd,12,0.9455973944346038,1.2,7.075,8
ebb4ed2cfc9d563f8f15f9861a3ebccf,P150 Central Ave / Camelback Rd (Sponsored by SRP),17,0.9450638404791909,1.6538461538461537,7.834999999999999,32
f193ecdd21dfcfc39f691e353345c3a9,P148 Central Ave / Glenrosa Ave (Sponsored by SRP),10,0.9652041234044137,2.0,7.94,7
f46a84ba614d9c9aba02706e5b7825b3,P147 7th Ave / Glenrosa Ave,10,0.9203974545048565,1.6,7.735714285714286,23
